{"cameraMode":{"drawMode":0,"name":"Shaded","section":"Shading Mode"},"sceneLighting":true,"audioPlay":false,"sceneViewState":{"m_AlwaysRefresh":false,"showFog":true,"showSkybox":false,"showFlares":true,"showImageEffects":true,"showParticleSystems":true,"showVisualEffectGraphs":true,"m_FxEnabled":true},"in2DMode":false,"pivot":{"x":1003.3681030273438,"y":581.2796630859375,"z":5.189236164093018},"rotation":{"x":0.050993360579013827,"y":-0.000908530259039253,"z":0.00001041027826431673,"w":0.9988068342208862},"size":531.3286743164063,"orthographic":false}